filename,frequency_hz,awg_frequency_hz,awg_vpp_v,t_mean_percent,std_percent
AMPPUL01.CSV,20000,500,5,50,1
AMPPUL02.CSV,33333.33333,500,5,50,1
AMPPUL03.CSV,46666.66667,500,5,50,1
AMPPUL04.CSV,60000,500,5,50,1
AMPPUL05.CSV,73333.33333,500,5,50,1
AMPPUL06.CSV,86666.66667,500,5,50,1
AMPPUL07.CSV,100000,500,5,50,1
AMPPUL08.CSV,113333.3333,500,5,50,1
AMPPUL09.CSV,126666.6667,500,5,50,1
AMPPUL10.CSV,140000,500,5,50,1
